Demo-ResponseID,QType,Condition,Dataset,Attempt,DatasetOrder,TaskOrder,Click_X,Click_Y,MaxValue,NodeID,NodeXOriginal,NodeYOriginal,NodeXAdjusted,NodeYAdjusted,NodeValue,Task,NodeRank,Percentage,Distance
R_1C6ZLfppnr2hHJ3,Exp,Ctrl,1,1,3,2,383,370,29,Ctrl_1_184.1_176.3,184.1,176.3,383.5416666666667,367.2916666666667,29,ClickHighDeg,1,0,2.761968903196077
R_1C6ZLfppnr2hHJ3,Exp,Ctrl,7,1,2,8,152,154,84,Ctrl_7_71_73.6,71,73.6,147.91666666666666,153.33333333333334,84,ClickHighDeg,1,0,4.137397195768811
R_1C6ZLfppnr2hHJ3,Exp,Ctrl,9,1,1,6,485,372,34,Ctrl_9_233.6_178,233.6,178,486.6666666666667,370.8333333333333,14,ClickHighDeg,9,0.5882352941176471,2.0344259359556434
R_1C6ZLfppnr2hHJ3,Training,Ctrl,0,1,0,2,382,579,6,Ctrl_0_180.6_279.3,180.6,279.3,376.25,581.875,4,ClickHighDeg,3,0.3333333333333333,6.428695435311895
R_1ia1bRBaPERksKG,Exp,Ord,1,1,1,3,421,363,29,Ord_1_202.9_175.5,202.9,175.5,422.7083333333333,365.625,26,ClickHighDeg,2,0.10344827586206896,3.1319367454943454
R_1ia1bRBaPERksKG,Exp,Ord,7,1,2,7,526,145,84,Ord_7_252.2_69.8,252.2,69.8,525.4166666666666,145.41666666666666,84,ClickHighDeg,1,0,0.7168604389202443
R_1ia1bRBaPERksKG,Exp,Ord,9,1,3,4,286,507,34,Ord_9_138.646323326426_244.995611515991,138.646323326426,244.995611515991,288.84650693005415,510.4075239916479,3,ClickHighDeg,19,0.9117647058823529,4.440024938725273
R_1ia1bRBaPERksKG,Training,Ord,0,1,0,2,422,255,6,Ord_0_202.8_123.3,202.8,123.3,422.5,256.875,6,ClickHighDeg,1,0,1.940521837032503
R_1IsCZYNrR2sSZ9t,Exp,Col,9,1,1,1,448,257,34,Ctrl_9_215.4_122.9,215.4,122.9,448.75,256.0416666666667,21,ClickHighDeg,3,0.38235294117647056,1.2169234888758378
R_1IsCZYNrR2sSZ9t,Training,Col,0,1,0,2,480,359,6,Ctrl_0_230.5_172.2,230.5,172.2,480.2083333333333,358.75,6,ClickHighDeg,1,0,0.3254270698294318
R_1M3UTwCUjAQdcM0,Exp,Ctrl,3,1,1,9,592,206,10,Ctrl_3_284.7_98.3,284.7,98.3,593.125,204.79166666666666,8,ClickHighDeg,3,0.2,1.6509677296799194
R_1M3UTwCUjAQdcM0,Training,Ctrl,0,1,0,2,394,467,6,Ctrl_0_188.9_226.1,188.9,226.1,393.5416666666667,471.0416666666667,4,ClickHighDeg,3,0.3333333333333333,4.067571620621944
R_1nN1uGAejYWDewa,Exp,Cir,1,1,2,1,260,674,29,Cir_1_126.9_323.1,126.9,323.1,264.375,673.125,25,ClickHighDeg,3,0.13793103448275862,4.461642074393687
R_1nN1uGAejYWDewa,Exp,Cir,7,1,3,6,685,279,84,Cir_7_330.7_134.2,330.7,134.2,688.9583333333334,279.5833333333333,2,ClickHighDeg,20,0.9761904761904762,4.001084922312426
R_1nN1uGAejYWDewa,Exp,Cir,9,1,1,1,450,39,34,Cir_9_216.05671526_18.893932912,216.05671526,18.893932912,450.1181567916667,39.362360233333334,1,ClickHighDeg,21,0.9705882352941176,0.3811377259185419
R_1nN1uGAejYWDewa,Training,Cir,0,1,0,2,231,39,6,Cir_0_110.7_19.7,110.7,19.7,230.625,41.041666666666664,6,ClickHighDeg,1,0,2.0758197845135227
R_1PRB2ZJPaDyYg5u,Exp,Ctrl,1,1,1,8,436,576,29,Ctrl_1_209_276.4,209,276.4,435.4166666666667,575.8333333333334,26,ClickHighDeg,2,0.10344827586206896,0.6066758241066812
R_1PRB2ZJPaDyYg5u,Exp,Ctrl,7,1,2,5,151,153,84,Ctrl_7_71_73.6,71,73.6,147.91666666666666,153.33333333333334,84,ClickHighDeg,1,0,3.1012990109880763
R_1PRB2ZJPaDyYg5u,Exp,Ctrl,9,1,3,4,530,439,34,Ctrl_9_254.1_211,254.1,211,529.375,439.5833333333333,27,ClickHighDeg,2,0.20588235294117646,0.8549285220284534
R_1PRB2ZJPaDyYg5u,Training,Ctrl,0,1,0,2,481,356,6,Ctrl_0_230.5_172.2,230.5,172.2,480.2083333333333,358.75,6,ClickHighDeg,1,0,2.8616841389488012
R_1QGVtEThdRCfk9E,Exp,Siz,1,1,1,3,383,367,29,Ctrl_1_184.1_176.3,184.1,176.3,383.5416666666667,367.2916666666667,29,ClickHighDeg,1,0,0.6152009608430841
R_1QGVtEThdRCfk9E,Training,Siz,0,1,0,2,481,359,6,Ctrl_0_230.5_172.2,230.5,172.2,480.2083333333333,358.75,6,ClickHighDeg,1,0,0.8302024518821546
R_27egdMDRIo5pmmf,Exp,Cir,1,1,1,9,524,82,29,Cir_1_252.9_40.1,252.9,40.1,526.875,83.54166666666667,2,ClickHighDeg,5,0.9310344827586207,3.262263188510566
R_27egdMDRIo5pmmf,Exp,Cir,7,1,3,6,687,273,84,Cir_7_329.7_130.6,329.7,130.6,686.875,272.0833333333333,2,ClickHighDeg,20,0.9761904761904762,0.9251501379656237
R_27egdMDRIo5pmmf,Exp,Cir,9,1,2,2,233,54,34,Cir_9_111.301211995_26.72598412,111.301211995,26.72598412,231.87752498958332,55.67913358333333,11,ClickHighDeg,11,0.6764705882352942,2.019762297818176
R_27egdMDRIo5pmmf,Training,Cir,0,1,0,2,230,41,6,Cir_0_110.7_19.7,110.7,19.7,230.625,41.041666666666664,6,ClickHighDeg,1,0,0.6263873490988711
R_2a9UfXz1K6wvI3K,Exp,Cir,8,1,1,5,603,604,49,Cir_8_288.7_289.3,288.7,289.3,601.4583333333334,602.7083333333334,3,ClickHighDeg,10,0.9387755102040817,2.0112530643578084
R_2a9UfXz1K6wvI3K,Training,Cir,0,1,0,2,235,43,6,Cir_0_110.7_19.7,110.7,19.7,230.625,41.041666666666664,6,ClickHighDeg,1,0,4.793296824153962
R_2arbM9OmECoS2q8,Exp,Col,3,1,1,6,334,299,10,Ctrl_3_161.5_142.1,161.5,142.1,336.4583333333333,296.0416666666667,10,ClickHighDeg,1,0,3.84644496761473
R_2arbM9OmECoS2q8,Training,Col,0,1,0,2,394,469,6,Ctrl_0_188.9_226.1,188.9,226.1,393.5416666666667,471.0416666666667,4,ClickHighDeg,3,0.3333333333333333,2.092479921581634
R_2D5G9C2Kt3UZLDg,Exp,Ord,9,1,1,7,287,477,34,Ord_9_137.269100189792_230.185681402378,137.269100189792,230.185681402378,285.9772920620667,479.55350292162086,4,ClickHighDeg,18,0.8823529411764706,2.750692403202891
R_2D5G9C2Kt3UZLDg,Training,Ord,0,1,0,2,507,83,6,Ord_0_244.2_40.2,244.2,40.2,508.75,83.75,5,ClickHighDeg,2,0.16666666666666666,1.9039432764659772
R_2UXWSvEnHMJfXIr,Exp,Ord,1,1,3,7,397,471,29,Ord_1_189.6_226.9,189.6,226.9,395,472.7083333333333,26,ClickHighDeg,2,0.10344827586206896,2.630285683681093
R_2UXWSvEnHMJfXIr,Exp,Ord,7,1,2,9,524,143,84,Ord_7_252.2_69.8,252.2,69.8,525.4166666666666,145.41666666666666,84,ClickHighDeg,1,0,2.801289385661908
R_2UXWSvEnHMJfXIr,Exp,Ord,9,1,1,4,287,475,34,Ord_9_137.269100189792_230.185681402378,137.269100189792,230.185681402378,285.9772920620667,479.55350292162086,4,ClickHighDeg,18,0.8823529411764706,4.66693908075963
R_2UXWSvEnHMJfXIr,Training,Ord,0,1,0,2,423,258,6,Ord_0_202.8_123.3,202.8,123.3,422.5,256.875,6,ClickHighDeg,1,0,1.231107225224513
R_2YYaCBHefr1qmkN,Exp,Fru,7,1,1,6,183,344,84,Fru_7_88.1_166.2,88.1,166.2,183.54166666666666,346.25,84,ClickHighDeg,1,0,2.314282346166467
R_2YYaCBHefr1qmkN,Training,Fru,0,1,0,2,363,380,6,Fru_0_174.9_183,174.9,183,364.375,381.25,6,ClickHighDeg,1,0,1.8582585934148133
R_3JCs1fRSQqrjLsR,Exp,Ord,1,1,1,7,242,374,29,Ord_1_116.6_179,116.6,179,242.91666666666666,372.9166666666667,25,ClickHighDeg,3,0.13793103448275862,1.4191155304938463
R_3JCs1fRSQqrjLsR,Exp,Ord,7,1,2,7,324,648,84,Ord_7_155_311,155,311,322.9166666666667,647.9166666666666,60,ClickHighDeg,2,0.2857142857142857,1.0865337342004255
R_3JCs1fRSQqrjLsR,Exp,Ord,9,1,3,7,525,437,34,Ord_9_243.496912760793_210.686298512221,243.496912760793,210.686298512221,507.2852349183188,438.92978856712705,2,ClickHighDeg,20,0.9411764705882353,17.8195674979211
R_3JCs1fRSQqrjLsR,Training,Ord,0,1,0,2,427,257,6,Ord_0_202.8_123.3,202.8,123.3,422.5,256.875,6,ClickHighDeg,1,0,4.501735776342277
R_3KBeiVl5xirHLQM,Exp,Cir,1,1,1,2,630,173,29,Cir_1_301_83.4,301,83.4,627.0833333333334,173.75,25,ClickHighDeg,3,0.13793103448275862,3.011551833265405
R_3KBeiVl5xirHLQM,Training,Cir,0,1,0,2,233,43,6,Cir_0_110.7_19.7,110.7,19.7,230.625,41.041666666666664,6,ClickHighDeg,1,0,3.078261594543981
R_8d1VqNkok6YG0zD,Exp,Ctrl,1,1,3,1,381,367,29,Ctrl_1_184.1_176.3,184.1,176.3,383.5416666666667,367.2916666666667,29,ClickHighDeg,1,0,2.5583469055014794
R_8d1VqNkok6YG0zD,Exp,Ctrl,7,1,2,2,313,203,84,Ctrl_7_150.5_96.3,150.5,96.3,313.5416666666667,200.625,22,ClickHighDeg,7,0.7380952380952381,2.435985997040582
R_8d1VqNkok6YG0zD,Exp,Ctrl,9,1,1,3,441,401,34,Ctrl_9_212.1_192.2,212.1,192.2,441.875,400.4166666666667,5,ClickHighDeg,17,0.8529411764705882,1.0516191220103197
R_8d1VqNkok6YG0zD,Training,Ctrl,0,1,0,2,480,353,6,Ctrl_0_230.5_172.2,230.5,172.2,480.2083333333333,358.75,6,ClickHighDeg,1,0,5.753772916771896
R_p3LNUe2FUoWSbUB,Exp,Cir,1,1,2,7,529,80,29,Cir_1_252.9_40.1,252.9,40.1,526.875,83.54166666666667,2,ClickHighDeg,5,0.9310344827586207,4.130257592182092
R_p3LNUe2FUoWSbUB,Exp,Cir,7,1,3,9,691,281,84,Cir_7_330.7_134.2,330.7,134.2,688.9583333333334,279.5833333333333,2,ClickHighDeg,20,0.9761904761904762,2.4850245918747205
R_p3LNUe2FUoWSbUB,Exp,Cir,9,1,1,7,613,593,34,Cir_9_293.998165511_284.0530573,293.998165511,284.0530573,612.4961781479167,591.7772027083333,3,ClickHighDeg,19,0.9117647058823529,1.322523979043102
R_p3LNUe2FUoWSbUB,Training,Cir,0,1,0,2,231,47,6,Cir_0_110.7_19.7,110.7,19.7,230.625,41.041666666666664,6,ClickHighDeg,1,0,5.9701223698607
R_PI3RV5qKmZ8pJkJ,Exp,Phr,9,1,1,4,449,253,34,Ctrl_9_215.4_122.9,215.4,122.9,448.75,256.0416666666667,21,ClickHighDeg,3,0.38235294117647056,3.0519233462050166
R_PI3RV5qKmZ8pJkJ,Training,Phr,0,1,0,2,277,434,6,Ctrl_0_133.4_210,133.4,210,277.9166666666667,437.5,5,ClickHighDeg,2,0.16666666666666666,3.6180488910154063
R_r3Cjj7orUCVKs49,Exp,Cir,1,1,2,2,529,81,29,Cir_1_252.9_40.1,252.9,40.1,526.875,83.54166666666667,2,ClickHighDeg,5,0.9310344827586207,3.3129585636473733
R_r3Cjj7orUCVKs49,Exp,Cir,7,1,3,8,65,508,84,Cir_7_29.5_243.9,29.5,243.9,61.458333333333336,508.125,7,ClickHighDeg,15,0.9166666666666666,3.5438718624941505
R_r3Cjj7orUCVKs49,Exp,Cir,9,1,1,2,616,153,34,Cir_9_298.41320815_70.96509466,298.41320815,70.96509466,621.6941836458333,147.84394720833336,2,ClickHighDeg,20,0.9411764705882353,7.681706046375928
R_r3Cjj7orUCVKs49,Training,Cir,0,1,0,2,234,44,6,Cir_0_110.7_19.7,110.7,19.7,230.625,41.041666666666664,6,ClickHighDeg,1,0,4.488024187892833
R_r9gtXh2BskCbEDT,Exp,Fru,7,1,1,3,549,420,84,Fru_7_264.3_199.4,264.3,199.4,550.625,415.4166666666667,84,ClickHighDeg,1,0,4.862876663503227
R_r9gtXh2BskCbEDT,Exp,Fru,9,1,3,7,209,427,34,Fru_9_101.6_204.2,101.6,204.2,211.66666666666666,425.4166666666667,34,ClickHighDeg,1,0,3.1012990109880483
R_x8YEnmKnNoodq4p,Exp,Ctrl,1,1,1,6,437,573,29,Ctrl_1_209_276.4,209,276.4,435.4166666666667,575.8333333333334,26,ClickHighDeg,2,0.10344827586206896,3.2457236823584315
R_x8YEnmKnNoodq4p,Exp,Ctrl,7,1,3,7,291,506,84,Ctrl_7_140.2_240.1,140.2,240.1,292.0833333333333,500.2083333333333,84,ClickHighDeg,1,0,5.892114551575611
R_x8YEnmKnNoodq4p,Exp,Ctrl,9,1,2,2,432,249,34,Ctrl_9_208.7_120.3,208.7,120.3,434.7916666666667,250.625,34,ClickHighDeg,1,0,3.230174573885734
R_x8YEnmKnNoodq4p,Training,Ctrl,0,1,0,2,479,358,6,Ctrl_0_230.5_172.2,230.5,172.2,480.2083333333333,358.75,6,ClickHighDeg,1,0,1.4221706804896515
R_xx8wP4F9CxVHQ5P,Exp,Ord,1,1,3,9,316,47,29,Ord_1_152.2_21.7,152.2,21.7,317.0833333333333,45.208333333333336,25,ClickHighDeg,3,0.13793103448275862,2.093724087733507
R_xx8wP4F9CxVHQ5P,Exp,Ord,7,1,2,2,525,147,84,Ord_7_252.2_69.8,252.2,69.8,525.4166666666666,145.41666666666666,84,ClickHighDeg,1,0,1.637240225365708
R_xx8wP4F9CxVHQ5P,Exp,Ord,9,1,1,9,313,372,34,Ord_9_146.156027731606_178.230678531635,146.156027731606,178.230678531635,304.49172444084587,371.3139136075729,2,ClickHighDeg,20,0.9411764705882353,8.535892895788532
R_xx8wP4F9CxVHQ5P,Training,Ord,0,1,0,2,425,255,6,Ord_0_202.8_123.3,202.8,123.3,422.5,256.875,6,ClickHighDeg,1,0,3.125
R_ZvPZVGIFe2bN7SV,Exp,Fru,1,1,1,7,289,402,29,Fru_1_138.8_192.8,138.8,192.8,289.1666666666667,401.6666666666667,25,ClickHighDeg,3,0.13793103448275862,0.37267799624995646
R_ZvPZVGIFe2bN7SV,Exp,Fru,7,1,2,6,186,348,84,Fru_7_88.1_166.2,88.1,166.2,183.54166666666666,346.25,84,ClickHighDeg,1,0,3.0175988430833254
R_ZvPZVGIFe2bN7SV,Exp,Fru,9,1,3,4,207,426,34,Fru_9_101.6_204.2,101.6,204.2,211.66666666666666,425.4166666666667,34,ClickHighDeg,1,0,4.7029836865074754
R_ZvPZVGIFe2bN7SV,Training,Fru,0,1,0,2,628,179,6,Fru_0_300_84.2,300,84.2,625,175.41666666666666,5,ClickHighDeg,2,0.16666666666666666,4.6733582976033246
R_1C6ZLfppnr2hHJ3,Exp,Ctrl,1,1,3,6,383,366,69.71428571428572,Ctrl_1_184.1_176.3,184.1,176.3,383.5416666666667,367.2916666666667,69.71428571428572,BC,1,0,1.4006446928309924
R_1C6ZLfppnr2hHJ3,Exp,Ctrl,1,2,3,6,160,511,69.71428571428572,Ctrl_1_75.1_244.3,75.1,244.3,156.45833333333334,508.9583333333333,0,BC,4,1,4.088007528803679
R_1C6ZLfppnr2hHJ3,Exp,Ctrl,7,1,2,3,428,363,20081.76153013656,Ctrl_7_204.9_172,204.9,172,426.875,358.3333333333333,5071.086796536789,BC,7,0.7474779894718576,4.8003544429321
R_1C6ZLfppnr2hHJ3,Exp,Ctrl,7,2,2,3,313,203,20081.76153013656,Ctrl_7_150.5_96.3,150.5,96.3,313.5416666666667,200.625,5655.146642246639,BC,5,0.7183938951889255,2.435985997040582
R_1C6ZLfppnr2hHJ3,Exp,Ctrl,7,3,2,3,580,341,20081.76153013656,Ctrl_7_278.5_163,278.5,163,580.2083333333334,339.5833333333333,1090.3701825951816,BC,13,0.945703459282749,1.4319033564533228
R_1C6ZLfppnr2hHJ3,Exp,Ctrl,7,4,2,3,438,478,20081.76153013656,Ctrl_7_210.2_229.1,210.2,229.1,437.9166666666667,477.2916666666667,1888.144314019313,BC,10,0.9059771568751184,0.7132184486926327
R_1C6ZLfppnr2hHJ3,Exp,Ctrl,9,1,1,5,488,372,28300.56447421692,Ctrl_9_233.6_178,233.6,178,486.6666666666667,370.8333333333333,16506.03627736213,BC,7,0.4167594680876465,1.7716909687891065
R_1C6ZLfppnr2hHJ3,Exp,Ctrl,9,2,1,5,531,440,28300.56447421692,Ctrl_9_254.1_211,254.1,211,529.375,439.5833333333333,28300.56447421692,BC,1,0,1.6775685115997876
R_1C6ZLfppnr2hHJ3,Exp,Ctrl,9,3,1,5,413,317,28300.56447421692,Ctrl_9_198_150.6,198,150.6,412.5,313.75,12460.579249671891,BC,9,0.5597056284504842,3.2882366094914763
R_1C6ZLfppnr2hHJ3,Exp,Ctrl,9,4,1,5,350,439,28300.56447421692,Ctrl_9_168.9_211.9,168.9,211.9,351.875,441.4583333333333,15786.012583005204,BC,8,0.4422014939883278,3.0917677431815096
R_1C6ZLfppnr2hHJ3,Exp,Ctrl,9,5,1,5,386,500,28300.56447421692,Ctrl_9_185.3_238.8,185.3,238.8,386.0416666666667,497.5,24592.76765603674,BC,2,0.13101494217750143,2.5003471981129164
R_1C6ZLfppnr2hHJ3,Training,Ctrl,0,1,0,5,480,358,10,Ctrl_0_230.5_172.2,230.5,172.2,480.2083333333333,358.75,10,BC,1,0,0.7783975705112202
R_1C6ZLfppnr2hHJ3,Training,Ctrl,0,2,0,5,284,439,10,Ctrl_0_133.4_210,133.4,210,277.9166666666667,437.5,6,BC,2,0.4,6.265536245561446
R_1ia1bRBaPERksKG,Exp,Ord,1,1,1,1,423,364,69.71428571428571,Ord_1_202.9_175.5,202.9,175.5,422.7083333333333,365.625,2.7142857142857135,BC,3,0.9610655737704918,1.6509677296799157
R_1ia1bRBaPERksKG,Exp,Ord,1,2,1,1,413,369,69.71428571428571,Ord_1_199.3_176.2,199.3,176.2,415.2083333333333,367.0833333333333,69.71428571428571,BC,1,0,2.924097676587123
R_1ia1bRBaPERksKG,Exp,Ord,1,3,1,1,478,409,69.71428571428571,Ord_1_230.3_197.3,230.3,197.3,479.7916666666667,411.0416666666667,0,BC,4,1,2.7163343355011302
R_1ia1bRBaPERksKG,Exp,Ord,1,4,1,1,396,474,69.71428571428571,Ord_1_189.6_226.9,189.6,226.9,395,472.7083333333333,2.7142857142857135,BC,3,0.9610655737704918,1.633524648659403
R_1ia1bRBaPERksKG,Exp,Ord,1,5,1,1,367,403,69.71428571428571,Ord_1_178_192.9,178,192.9,370.8333333333333,401.875,0,BC,4,1,3.995005562504801
R_1ia1bRBaPERksKG,Exp,Ord,7,1,2,1,190,65,20081.761530136537,Ord_7_90.2_30.8,90.2,30.8,187.91666666666666,64.16666666666667,20081.761530136537,BC,1,0,2.243818669639384
R_1ia1bRBaPERksKG,Exp,Ord,7,2,2,1,526,102,20081.761530136537,Ord_7_252.8_49.5,252.8,49.5,526.6666666666666,103.125,0,BC,33,1,1.307696235539582
R_1ia1bRBaPERksKG,Exp,Ord,7,3,2,1,323,649,20081.761530136537,Ord_7_155_311,155,311,322.9166666666667,647.9166666666666,13903.198590298574,BC,2,0.3076703669927483,1.086533734200478
R_1ia1bRBaPERksKG,Exp,Ord,7,4,2,1,469,363,20081.761530136537,Ord_7_226.2_174.7,226.2,174.7,471.25,363.9583333333333,6242.680236430233,BC,4,0.689136820638872,2.4455884318048575
R_1ia1bRBaPERksKG,Exp,Ord,7,5,2,1,288,299,20081.761530136537,Ord_7_137.4_143.8,137.4,143.8,286.25,299.5833333333333,4939.693029193033,BC,8,0.7540209297984106,1.8446619684315486
R_1ia1bRBaPERksKG,Exp,Ord,9,1,3,5,102,372,28300.564474216924,Ord_9_48.5914106501941_176.036771527292,48.5914106501941,176.036771527292,101.2321055212377,366.7432740151916,0,BC,107,1,5.312516353845256
R_1ia1bRBaPERksKG,Exp,Ord,9,2,3,5,296,178,28300.564474216924,Ord_9_142.649159091802_73.1113422370428,142.649159091802,73.1113422370428,297.1857481079208,152.31529632717252,2974.6666666666665,BC,29,0.8948902001803984,25.712059453423706
R_1ia1bRBaPERksKG,Exp,Ord,9,3,3,5,81,589,28300.564474216924,Ord_9_38.4945120597083_282.859985064762,38.4945120597083,282.859985064762,80.19690012439229,589.2916355515875,0,BC,107,1,0.8544124912189066
R_1ia1bRBaPERksKG,Exp,Ord,9,4,3,5,304,563,28300.564474216924,Ord_9_147.600248962638_268.178185425086,147.600248962638,268.178185425086,307.5005186721625,558.7045529689291,300.66666666666663,BC,72,0.9893759480684355,5.541163792101295
R_1ia1bRBaPERksKG,Exp,Ord,9,5,3,5,620,548,28300.564474216924,Ord_9_296.740556716247_273.226023162402,296.740556716247,273.226023162402,618.2094931588479,569.2208815883374,0,BC,107,1,21.296284420866723
R_1ia1bRBaPERksKG,Training,Ord,0,1,0,5,422,257,10,Ord_0_202.8_123.3,202.8,123.3,422.5,256.875,10,BC,1,0,0.5153882032022076
R_1IsCZYNrR2sSZ9t,Exp,Col,9,1,1,8,410,315,28300.56447421692,Ctrl_9_198_150.6,198,150.6,412.5,313.75,12460.579249671891,BC,9,0.5597056284504842,2.7950849718747373
R_1IsCZYNrR2sSZ9t,Exp,Col,9,2,1,8,484,370,28300.56447421692,Ctrl_9_233.6_178,233.6,178,486.6666666666667,370.8333333333333,16506.03627736213,BC,7,0.4167594680876465,2.793842435706714
R_1IsCZYNrR2sSZ9t,Exp,Col,9,3,1,8,467,496,28300.56447421692,Ctrl_9_223.8_237.3,223.8,237.3,466.25,494.375,19249.904317414654,BC,4,0.3198049341046827,1.7897276329095442
R_1IsCZYNrR2sSZ9t,Exp,Col,9,4,1,8,198,560,28300.56447421692,Ctrl_9_96.4_269.1,96.4,269.1,200.83333333333334,560.625,1530.75,BC,41,0.9459109728572876,2.90144839309229
R_1IsCZYNrR2sSZ9t,Exp,Col,9,5,1,8,486,203,28300.56447421692,Ctrl_9_232.4_97.5,232.4,97.5,484.1666666666667,203.125,3051.676078771585,BC,26,0.8921690738164675,1.8375897559333099
R_1IsCZYNrR2sSZ9t,Training,Col,0,1,0,5,478,359,10,Ctrl_0_230.5_172.2,230.5,172.2,480.2083333333333,358.75,10,BC,1,0,2.2224392255157457
R_1IsCZYNrR2sSZ9t,Training,Col,0,2,0,5,390,470,10,Ctrl_0_188.9_226.1,188.9,226.1,393.5416666666667,471.0416666666667,0,BC,3,1,3.691676072222805
R_1IsCZYNrR2sSZ9t,Training,Col,0,3,0,5,275,439,10,Ctrl_0_133.4_210,133.4,210,277.9166666666667,437.5,6,BC,2,0.4,3.2797781090257545
R_1IsCZYNrR2sSZ9t,Training,Col,0,4,0,5,498,534,10,Ctrl_0_237.2_255.5,237.2,255.5,494.1666666666667,532.2916666666666,0,BC,3,1,4.196766281581834
R_1M3UTwCUjAQdcM0,Exp,Ctrl,3,1,1,1,123,406,1277,Ctrl_3_61.4_196.9,61.4,196.9,127.91666666666667,410.2083333333333,309,BC,8,0.7580266249021144,6.471760236253769
R_1M3UTwCUjAQdcM0,Exp,Ctrl,3,2,1,1,164,326,1277,Ctrl_3_78.6_156.5,78.6,156.5,163.75,326.0416666666667,819,BC,4,0.3586530931871574,0.25344843876242895
R_1M3UTwCUjAQdcM0,Exp,Ctrl,3,3,1,1,257,293,1277,Ctrl_3_124.3_140.3,124.3,140.3,258.9583333333333,292.2916666666667,881,BC,3,0.3101018010963195,2.082499833266609
R_1M3UTwCUjAQdcM0,Exp,Ctrl,3,4,1,1,413,330,1277,Ctrl_3_198.1_157.6,198.1,157.6,412.7083333333333,328.3333333333333,1085,BC,2,0.15035238841033674,1.6919950420206011
R_1M3UTwCUjAQdcM0,Exp,Ctrl,3,5,1,1,508,366,1277,Ctrl_3_243.8_176.5,243.8,176.5,507.9166666666667,367.7083333333333,1277,BC,1,0,1.7103646459811293
R_1M3UTwCUjAQdcM0,Training,Ctrl,0,1,0,5,279,436,10,Ctrl_0_133.4_210,133.4,210,277.9166666666667,437.5,6,BC,2,0.4,1.8503002759311986
R_1M3UTwCUjAQdcM0,Training,Ctrl,0,2,0,5,394,469,10,Ctrl_0_188.9_226.1,188.9,226.1,393.5416666666667,471.0416666666667,0,BC,3,1,2.092479921581634
R_1M3UTwCUjAQdcM0,Training,Ctrl,0,3,0,5,481,361,10,Ctrl_0_230.5_172.2,230.5,172.2,480.2083333333333,358.75,10,BC,1,0,2.3852119635602915
R_1M3UTwCUjAQdcM0,Training,Ctrl,0,4,0,5,497,536,10,Ctrl_0_237.2_255.5,237.2,255.5,494.1666666666667,532.2916666666666,0,BC,3,1,4.666852674864407
R_1M3UTwCUjAQdcM0,Training,Ctrl,0,5,0,5,381,577,10,Ctrl_0_180.6_279.3,180.6,279.3,376.25,581.875,0,BC,3,1,6.806476695030991
R_1nN1uGAejYWDewa,Exp,Cir,1,1,2,3,465,51,69.71428571428571,Cir_1_223.1_26.9,223.1,26.9,464.7916666666667,56.041666666666664,0,BC,4,1,5.045969238467029
R_1nN1uGAejYWDewa,Exp,Cir,1,2,2,3,254,675,69.71428571428571,Cir_1_126.9_323.1,126.9,323.1,264.375,673.125,0,BC,4,1,10.543066441979771
R_1nN1uGAejYWDewa,Exp,Cir,7,1,3,3,622,575,20081.761530136537,Cir_7_300.7_275.6,300.7,275.6,626.4583333333334,574.1666666666666,0.5,BC,31,0.9999751017858045,4.535546334848312
R_1nN1uGAejYWDewa,Exp,Cir,7,2,3,3,46,469,20081.761530136537,Cir_7_22.5_226.5,22.5,226.5,46.875,471.875,0,BC,33,1,3.005203820042827
R_1nN1uGAejYWDewa,Exp,Cir,7,3,3,3,506,60,20081.761530136537,Cir_7_242.2_28.7,242.2,28.7,504.5833333333333,59.791666666666664,0,BC,33,1,1.4319033564533175
R_1nN1uGAejYWDewa,Exp,Cir,7,4,3,3,53,495,20081.761530136537,Cir_7_26.5_237,26.5,237,55.208333333333336,493.75,0,BC,33,1,2.5375649964308544
R_1nN1uGAejYWDewa,Exp,Cir,7,5,3,3,34,428,20081.761530136537,Cir_7_16.8_204.8,16.8,204.8,35,426.6666666666667,0.75,BC,29,0.9999626526787068,1.6666666666666514
R_1nN1uGAejYWDewa,Exp,Cir,9,1,1,5,48,465,28300.564474216924,Cir_9_21.4312294969_224.364183544,21.4312294969,224.364183544,44.64839478520833,467.4253823833334,1530.7500000000002,BC,41,0.9459109728572876,4.137117018069786
R_1nN1uGAejYWDewa,Exp,Cir,9,2,1,5,682,454,28300.564474216924,Cir_9_330.22035954_219.242877616,330.22035954,219.242877616,687.959082375,456.7559950333333,0,BC,107,1,6.565529024823
R_1nN1uGAejYWDewa,Exp,Cir,9,3,1,5,116,141,28300.564474216924,Cir_9_55.202224337_66.93143428,55.202224337,66.93143428,115.00463403541666,139.44048808333335,0,BC,107,1,1.8500894091033055
R_1nN1uGAejYWDewa,Exp,Cir,9,4,1,5,184,80,28300.564474216924,Cir_9_87.714591399_39.28238764,87.714591399,39.28238764,182.73873208125,81.83830758333335,2267.2142857142867,BC,36,0.9198880189199117,2.229388152343343
R_1nN1uGAejYWDewa,Exp,Cir,9,5,1,5,687,440,28300.564474216924,Cir_9_332.227440595_211.471506352,332.227440595,211.471506352,692.1405012395834,440.56563823333335,0,BC,107,1,5.171527782499752
R_1nN1uGAejYWDewa,Training,Cir,0,1,0,5,689,230,10,Cir_0_330.3_110.7,330.3,110.7,688.125,230.625,0,BC,3,1,1.0752906583803283
R_1nN1uGAejYWDewa,Training,Cir,0,2,0,5,687,500,10,Cir_0_330.3_239.3,330.3,239.3,688.125,498.5416666666667,0,BC,3,1,1.841836342108347
R_1nN1uGAejYWDewa,Training,Cir,0,3,0,5,497,682,10,Cir_0_239.3_330.3,239.3,330.3,498.5416666666667,688.125,0,BC,3,1,6.316039986503503
R_1nN1uGAejYWDewa,Training,Cir,0,4,0,5,230,683,10,Cir_0_110.7_330.3,110.7,330.3,230.625,688.125,0,BC,3,1,5.162969107015845
R_1PRB2ZJPaDyYg5u,Exp,Ctrl,1,1,1,2,380,367,69.71428571428572,Ctrl_1_184.1_176.3,184.1,176.3,383.5416666666667,367.2916666666667,69.71428571428572,BC,1,0,3.5536561767034196
R_1PRB2ZJPaDyYg5u,Exp,Ctrl,1,2,1,2,362,419,69.71428571428572,Ctrl_1_173.2_202.2,173.2,202.2,360.8333333333333,421.25,12,BC,2,0.8278688524590164,2.534484387624267
R_1PRB2ZJPaDyYg5u,Exp,Ctrl,1,3,1,2,318,437,69.71428571428572,Ctrl_1_152.9_210,152.9,210,318.5416666666667,437.5,2.7142857142857135,BC,3,0.9610655737704918,0.7371585838731028
R_1PRB2ZJPaDyYg5u,Exp,Ctrl,1,4,1,2,298,539,69.71428571428572,Ctrl_1_141.5_259.8,141.5,259.8,294.7916666666667,541.25,2.7142857142857135,BC,3,0.9610655737704918,3.9186608398504785
R_1PRB2ZJPaDyYg5u,Exp,Ctrl,1,5,1,2,300,600,69.71428571428572,Ctrl_1_144.1_289.4,144.1,289.4,300.2083333333333,602.9166666666666,2.7142857142857135,BC,3,0.9610655737704918,2.9240976765870856
R_1PRB2ZJPaDyYg5u,Exp,Ctrl,7,1,2,6,436,181,20081.76153013656,Ctrl_7_208.9_87.3,208.9,87.3,435.2083333333333,181.875,0,BC,33,1,1.179983521542204
R_1PRB2ZJPaDyYg5u,Exp,Ctrl,7,2,2,6,339,396,20081.76153013656,Ctrl_7_163.5_190.6,163.5,190.6,340.625,397.0833333333333,424.18046398046346,BC,16,0.9788773279005479,1.9530069408763169
R_1PRB2ZJPaDyYg5u,Exp,Ctrl,7,3,2,6,425,359,20081.76153013656,Ctrl_7_204.9_172,204.9,172,426.875,358.3333333333333,5071.086796536789,BC,7,0.7474779894718576,1.9899923227099319
R_1PRB2ZJPaDyYg5u,Exp,Ctrl,7,4,2,6,594,340,20081.76153013656,Ctrl_7_286.5_163.9,286.5,163.9,596.875,341.4583333333333,1462.3944250194247,BC,11,0.9271779807351651,3.223718522314108
R_1PRB2ZJPaDyYg5u,Exp,Ctrl,7,5,2,6,437,476,20081.76153013656,Ctrl_7_210.2_229.1,210.2,229.1,437.9166666666667,477.2916666666667,1888.144314019313,BC,10,0.9059771568751184,1.5838814840623774
R_1PRB2ZJPaDyYg5u,Exp,Ctrl,9,1,3,7,441,400,28300.56447421692,Ctrl_9_212.1_192.2,212.1,192.2,441.875,400.4166666666667,2858.424883123415,BC,31,0.898997601771245,0.9691419458010921
R_1PRB2ZJPaDyYg5u,Exp,Ctrl,9,2,3,7,467,494,28300.56447421692,Ctrl_9_223.8_237.3,223.8,237.3,466.25,494.375,19249.904317414654,BC,4,0.3198049341046827,0.8385254915624212
R_1PRB2ZJPaDyYg5u,Exp,Ctrl,9,3,3,7,507,407,28300.56447421692,Ctrl_9_243.8_194.8,243.8,194.8,507.9166666666667,405.8333333333333,0,BC,107,1,1.483707817897098
R_1PRB2ZJPaDyYg5u,Exp,Ctrl,9,4,3,7,377,365,28300.56447421692,Ctrl_9_181.1_174.6,181.1,174.6,377.2916666666667,363.75,0,BC,107,1,1.283576816729118
R_1PRB2ZJPaDyYg5u,Exp,Ctrl,9,5,3,7,411,313,28300.56447421692,Ctrl_9_198_150.6,198,150.6,412.5,313.75,12460.579249671891,BC,9,0.5597056284504842,1.6770509831248424
R_1PRB2ZJPaDyYg5u,Training,Ctrl,0,1,0,5,481,363,10,Ctrl_0_230.5_172.2,230.5,172.2,480.2083333333333,358.75,10,BC,1,0,4.323104915579906
R_1QGVtEThdRCfk9E,Exp,Siz,1,1,1,6,383,367,69.71428571428572,Ctrl_1_184.1_176.3,184.1,176.3,383.5416666666667,367.2916666666667,69.71428571428572,BC,1,0,0.6152009608430841
R_1QGVtEThdRCfk9E,Training,Siz,0,1,0,5,481,361,10,Ctrl_0_230.5_172.2,230.5,172.2,480.2083333333333,358.75,10,BC,1,0,2.3852119635602915
R_27egdMDRIo5pmmf,Exp,Cir,1,1,1,5,627,173,69.71428571428571,Cir_1_301_83.4,301,83.4,627.0833333333334,173.75,0,BC,4,1,0.7546154281781222
R_27egdMDRIo5pmmf,Exp,Cir,1,2,1,5,465,54,69.71428571428571,Cir_1_223.1_26.9,223.1,26.9,464.7916666666667,56.041666666666664,0,BC,4,1,2.0522683926707876
R_27egdMDRIo5pmmf,Exp,Cir,7,1,3,7,48,479,20081.761530136537,Cir_7_23.8_230,23.8,230,49.583333333333336,479.1666666666667,0,BC,33,1,1.5920810978785709
R_27egdMDRIo5pmmf,Exp,Cir,7,2,3,7,363,29,20081.761530136537,Cir_7_173.1_14.1,173.1,14.1,360.625,29.375,20081.761530136537,BC,1,0,2.404423007708918
R_27egdMDRIo5pmmf,Exp,Cir,7,3,3,7,505,58,20081.761530136537,Cir_7_242.2_28.7,242.2,28.7,504.5833333333333,59.791666666666664,0,BC,33,1,1.8394783378870114
R_27egdMDRIo5pmmf,Exp,Cir,7,4,3,7,692,288,20081.761530136537,Cir_7_331.6_137.9,331.6,137.9,690.8333333333334,287.2916666666667,0,BC,33,1,1.3648616128465578
R_27egdMDRIo5pmmf,Exp,Cir,7,5,3,7,626,574,20081.761530136537,Cir_7_300.7_275.6,300.7,275.6,626.4583333333334,574.1666666666666,0.5,BC,31,0.9999751017858045,0.48769582961334035
R_27egdMDRIo5pmmf,Exp,Cir,9,1,2,4,237,56,28300.564474216924,Cir_9_113.76717245_25.68923122,113.76717245,25.68923122,237.01494260416666,53.51923170833333,862.9999999999967,BC,54,0.9695059085911085,2.4808132937321288
R_27egdMDRIo5pmmf,Exp,Cir,9,2,2,4,533,653,28300.564474216924,Cir_9_256.68900171_314.215342426,256.68900171,314.215342426,534.7687535625,654.6152967208333,0,BC,107,1,2.3953439546735753
R_27egdMDRIo5pmmf,Exp,Cir,9,3,2,4,450,37,28300.564474216924,Cir_9_216.05671526_18.893932912,216.05671526,18.893932912,450.1181567916667,39.362360233333334,0,BC,107,1,2.365313277232361
R_27egdMDRIo5pmmf,Exp,Cir,9,4,2,4,617,591,28300.564474216924,Cir_9_295.78914083_282.0655777,295.78914083,282.0655777,616.2273767291667,587.6366202083333,0,BC,107,1,3.450981069438825
R_27egdMDRIo5pmmf,Training,Cir,0,1,0,5,233,45,10,Cir_0_110.7_19.7,110.7,19.7,230.625,41.041666666666664,10,BC,1,0,4.616170250085865
R_2a9UfXz1K6wvI3K,Exp,Cir,8,1,1,9,408,692,40976.5,Cir_8_197_334.7,197,334.7,410.4166666666667,697.2916666666666,29.5,BC,69,0.9992800751650336,5.817388923639933
R_2a9UfXz1K6wvI3K,Exp,Cir,8,2,1,9,45,456,40976.5,Cir_8_20_219.4,20,219.4,41.666666666666664,457.0833333333333,5719,BC,23,0.8604321989432968,3.5049568074688446
R_2a9UfXz1K6wvI3K,Exp,Cir,8,3,1,9,196,77,40976.5,Cir_8_92.4_36.6,92.4,36.6,192.5,76.25,736.600000000001,BC,52,0.9820238429343648,3.5794552658190883
R_2a9UfXz1K6wvI3K,Training,Cir,0,1,0,5,236,684,10,Cir_0_110.7_330.3,110.7,330.3,230.625,688.125,0,BC,3,1,6.775415116433826
R_2a9UfXz1K6wvI3K,Training,Cir,0,2,0,5,494,43,10,Cir_0_239.3_19.7,239.3,19.7,498.5416666666667,41.041666666666664,0,BC,3,1,4.945887741907992
R_2arbM9OmECoS2q8,Exp,Col,3,1,1,8,126,410,1277,Ctrl_3_61.4_196.9,61.4,196.9,127.91666666666667,410.2083333333333,309,BC,8,0.7580266249021144,1.9279558835432151
R_2arbM9OmECoS2q8,Exp,Col,3,2,1,8,459,350,1277,Ctrl_3_221_166.9,221,166.9,460.4166666666667,347.7083333333333,0,BC,14,1,2.694193860054561
R_2arbM9OmECoS2q8,Exp,Col,3,3,1,8,594,205,1277,Ctrl_3_284.7_98.3,284.7,98.3,593.125,204.79166666666666,248,BC,9,0.8057948316366484,0.8994597143717898
R_2arbM9OmECoS2q8,Exp,Col,3,4,1,8,534,326,1277,Ctrl_3_258.9_156.1,258.9,156.1,539.375,325.2083333333333,0,BC,14,1,5.432988230349036
R_2arbM9OmECoS2q8,Exp,Col,3,5,1,8,162,329,1277,Ctrl_3_78.6_156.5,78.6,156.5,163.75,326.0416666666667,819,BC,4,0.3586530931871574,3.437184328940041
R_2D5G9C2Kt3UZLDg,Exp,Ord,9,1,1,8,82,586,28300.564474216924,Ord_9_38.4945120597083_282.859985064762,38.4945120597083,282.859985064762,80.19690012439229,589.2916355515875,0,BC,107,1,3.753136523748051
R_2D5G9C2Kt3UZLDg,Exp,Ord,9,2,1,8,103,373,28300.564474216924,Ord_9_48.5914106501941_176.036771527292,48.5914106501941,176.036771527292,101.2321055212377,366.7432740151916,0,BC,107,1,6.50169754272026
R_2D5G9C2Kt3UZLDg,Exp,Ord,9,3,1,8,644,341,28300.564474216924,Ord_9_309.213111761782_150.322417530631,309.213111761782,150.322417530631,644.1939828370458,313.17170318881455,0,BC,107,1,27.828972901501466
R_2D5G9C2Kt3UZLDg,Exp,Ord,9,4,1,8,268,644,28300.564474216924,Ord_9_128.00954328307_295.693464222659,128.00954328307,295.693464222659,266.6865485063958,616.0280504638729,1869,BC,39,0.9339589144342777,28.00276978582106
R_2D5G9C2Kt3UZLDg,Exp,Ord,9,5,1,8,220,362,28300.564474216924,Ord_9_109.465571407584_179.27516292012,109.465571407584,179.27516292012,228.0532737658,373.48992275025,0,BC,107,1,14.031163285830397
R_2D5G9C2Kt3UZLDg,Training,Ord,0,1,0,5,422,254,10,Ord_0_202.8_123.3,202.8,123.3,422.5,256.875,10,BC,1,0,2.918154382482188
R_2UXWSvEnHMJfXIr,Exp,Ord,1,1,3,9,189,81,69.71428571428571,Ord_1_88_37.2,88,37.2,183.33333333333334,77.5,2.7142857142857135,BC,3,0.9610655737704918,6.660413734229354
R_2UXWSvEnHMJfXIr,Exp,Ord,1,2,3,9,429,135,69.71428571428571,Ord_1_205.5_64.7,205.5,64.7,428.125,134.79166666666666,0,BC,4,1,0.8994597143717898
R_2UXWSvEnHMJfXIr,Exp,Ord,7,1,2,8,474,363,20081.761530136537,Ord_7_226.2_174.7,226.2,174.7,471.25,363.9583333333333,6242.680236430233,BC,4,0.689136820638872,2.9121989591677524
R_2UXWSvEnHMJfXIr,Exp,Ord,7,2,2,8,323,646,20081.761530136537,Ord_7_155_311,155,311,322.9166666666667,647.9166666666666,13903.198590298574,BC,2,0.3076703669927483,1.918477405536851
R_2UXWSvEnHMJfXIr,Exp,Ord,7,3,2,8,186,65,20081.761530136537,Ord_7_90.2_30.8,90.2,30.8,187.91666666666666,64.16666666666667,20081.761530136537,BC,1,0,2.0899893673307313
R_2UXWSvEnHMJfXIr,Exp,Ord,7,4,2,8,283,196,20081.761530136537,Ord_7_135.1_93.1,135.1,93.1,281.4583333333333,193.95833333333334,5071.086796536786,BC,7,0.7474779894718574,2.5583469055014625
R_2UXWSvEnHMJfXIr,Exp,Ord,9,1,1,6,84,589,28300.564474216924,Ord_9_38.4945120597083_282.859985064762,38.4945120597083,282.859985064762,80.19690012439229,589.2916355515875,0,BC,107,1,3.8142653235973483
R_2UXWSvEnHMJfXIr,Exp,Ord,9,2,1,6,577,387,28300.564474216924,Ord_9_282.400688101213_181.885049423567,282.400688101213,181.885049423567,588.3347668775272,378.9271862990979,0,BC,107,1,13.915719931694488
R_2UXWSvEnHMJfXIr,Exp,Ord,9,3,1,6,529,326,28300.564474216924,Ord_9_247.00118325051_153.240465872131,247.00118325051,153.240465872131,514.5857984385625,319.2509705669396,0,BC,107,1,15.9159858300409
R_2UXWSvEnHMJfXIr,Exp,Ord,9,4,1,6,264,369,28300.564474216924,Ord_9_132.570446497056_176.767095081759,132.570446497056,176.767095081759,276.1884302022,368.26478142033125,0,BC,107,1,12.210584636035689
R_2UXWSvEnHMJfXIr,Exp,Ord,9,5,1,6,297,184,28300.564474216924,Ord_9_142.649159091802_73.1113422370428,142.649159091802,73.1113422370428,297.1857481079208,152.31529632717252,2974.6666666666665,BC,29,0.8948902001803984,31.68524813212741
R_2UXWSvEnHMJfXIr,Training,Ord,0,1,0,5,420,262,10,Ord_0_202.8_123.3,202.8,123.3,422.5,256.875,10,BC,1,0,5.702247363978522
R_2UXWSvEnHMJfXIr,Training,Ord,0,2,0,5,510,79,10,Ord_0_244.2_40.2,244.2,40.2,508.75,83.75,6,BC,2,0.4,4.911720676097125
R_2UXWSvEnHMJfXIr,Training,Ord,0,3,0,5,476,60,10,Ord_0_228.5_30.4,228.5,30.4,476.0416666666667,63.333333333333336,0,BC,3,1,3.333593739828271
R_2UXWSvEnHMJfXIr,Training,Ord,0,4,0,5,379,375,10,Ord_0_179.6_179.7,179.6,179.7,374.1666666666667,374.375,0,BC,3,1,4.873575290391124
R_2UXWSvEnHMJfXIr,Training,Ord,0,5,0,5,537,264,10,Ord_0_255.2_125.1,255.2,125.1,531.6666666666666,260.625,0,BC,3,1,6.3115029465607355
R_2YYaCBHefr1qmkN,Exp,Fru,7,1,1,9,313,359,20081.761530136537,Fru_7_150.6_173.3,150.6,173.3,313.75,361.0416666666667,0,BC,33,1,2.175063856023049
R_2YYaCBHefr1qmkN,Exp,Fru,7,2,1,9,497,458,20081.761530136537,Fru_7_238.9_220.2,238.9,220.2,497.7083333333333,458.75,1122,BC,12,0.9441284073453305,1.0316182002616492
R_2YYaCBHefr1qmkN,Exp,Fru,7,3,1,9,382,561,20081.761530136537,Fru_7_183.9_270.3,183.9,270.3,383.125,563.125,6242.680236430233,BC,4,0.689136820638872,2.404423007708918
R_2YYaCBHefr1qmkN,Exp,Fru,7,4,1,9,396,112,20081.761530136537,Fru_7_191.7_53.8,191.7,53.8,399.375,112.08333333333333,0,BC,33,1,3.3760286498257748
R_2YYaCBHefr1qmkN,Exp,Fru,7,5,1,9,126,476,20081.761530136537,Fru_7_61.1_228.5,61.1,228.5,127.29166666666667,476.0416666666667,0,BC,33,1,1.2923385349392407
R_2YYaCBHefr1qmkN,Training,Fru,0,1,0,5,363,380,10,Fru_0_174.9_183,174.9,183,364.375,381.25,10,BC,1,0,1.8582585934148133
R_3JCs1fRSQqrjLsR,Exp,Ord,1,1,1,1,427,365,69.71428571428571,Ord_1_202.9_175.5,202.9,175.5,422.7083333333333,365.625,2.7142857142857135,BC,3,0.9610655737704918,4.336937603629771
R_3JCs1fRSQqrjLsR,Exp,Ord,1,2,1,1,396,472,69.71428571428571,Ord_1_189.6_226.9,189.6,226.9,395,472.7083333333333,2.7142857142857135,BC,3,0.9610655737704918,1.225453430821051
R_3JCs1fRSQqrjLsR,Exp,Ord,1,3,1,1,578,370,69.71428571428571,Ord_1_278.4_175.7,278.4,175.7,580,366.0416666666667,0,BC,4,1,4.434907302050138
R_3JCs1fRSQqrjLsR,Exp,Ord,1,4,1,1,102,514,69.71428571428571,Ord_1_48.8_247,48.8,247,101.66666666666667,514.5833333333334,0,BC,4,1,0.671854812358243
R_3JCs1fRSQqrjLsR,Exp,Ord,1,5,1,1,694,434,69.71428571428571,Ord_1_333.5_207.1,333.5,207.1,694.7916666666666,431.4583333333333,0,BC,4,1,2.6621054741605548
R_3JCs1fRSQqrjLsR,Exp,Ord,7,1,2,5,470,367,20081.761530136537,Ord_7_226.2_174.7,226.2,174.7,471.25,363.9583333333333,6242.680236430233,BC,4,0.689136820638872,3.2885005870626247
R_3JCs1fRSQqrjLsR,Exp,Ord,7,2,2,5,283,302,20081.761530136537,Ord_7_137.4_143.8,137.4,143.8,286.25,299.5833333333333,4939.693029193033,BC,8,0.7540209297984106,4.050034293407633
R_3JCs1fRSQqrjLsR,Exp,Ord,7,3,2,5,284,229,20081.761530136537,Ord_7_134.4_108.6,134.4,108.6,280,226.25,0,BC,33,1,4.8541219597369
R_3JCs1fRSQqrjLsR,Exp,Ord,7,4,2,5,296,205,20081.761530136537,Ord_7_142.3_97.8,142.3,97.8,296.4583333333333,203.75,0,BC,33,1,1.3313787757225315
R_3JCs1fRSQqrjLsR,Exp,Ord,7,5,2,5,356,298,20081.761530136537,Ord_7_171.7_144.6,171.7,144.6,357.7083333333333,301.25,1029.9466422466417,BC,14,0.948712335782844,3.6716348916766917
R_3JCs1fRSQqrjLsR,Exp,Ord,9,1,3,8,347,473,28300.564474216924,Ord_9_164.407071106924_222.766157790504,164.407071106924,222.766157790504,342.51473147275834,464.09616206354997,0,BC,107,1,9.969752442264117
R_3JCs1fRSQqrjLsR,Exp,Ord,9,2,3,8,304,399,28300.564474216924,Ord_9_146.156027731606_178.230678531635,146.156027731606,178.230678531635,304.49172444084587,371.3139136075729,0,BC,107,1,27.690452734736265
R_3JCs1fRSQqrjLsR,Exp,Ord,9,3,3,8,491,453,28300.564474216924,Ord_9_235.462190051232_210.110868511443,235.462190051232,210.110868511443,490.54622927339994,437.73097606550624,0,BC,107,1,15.275765112899007
R_3JCs1fRSQqrjLsR,Exp,Ord,9,4,3,8,219,583,28300.564474216924,Ord_9_109.905526932124_272.788876228845,109.905526932124,272.788876228845,228.96984777525833,568.3101588100939,0,BC,107,1,17.753571439191784
R_3JCs1fRSQqrjLsR,Exp,Ord,9,5,3,8,317,465,28300.564474216924,Ord_9_145.850395406224_225.99131759594,145.850395406224,225.99131759594,303.85499042963335,470.8152449915417,1131.3473692973698,BC,46,0.9600238585231019,14.373877379353205
R_3JCs1fRSQqrjLsR,Training,Ord,0,1,0,5,420,262,10,Ord_0_202.8_123.3,202.8,123.3,422.5,256.875,10,BC,1,0,5.702247363978522
R_3JCs1fRSQqrjLsR,Training,Ord,0,2,0,5,371,377,10,Ord_0_179.6_179.7,179.6,179.7,374.1666666666667,374.375,0,BC,3,1,4.113198606653695
R_3KBeiVl5xirHLQM,Training,Cir,0,1,0,5,686,497,10,Cir_0_330.3_239.3,330.3,239.3,688.125,498.5416666666667,0,BC,3,1,2.625330667003905
R_3KBeiVl5xirHLQM,Training,Cir,0,2,0,5,498,684,10,Cir_0_239.3_330.3,239.3,330.3,498.5416666666667,688.125,0,BC,3,1,4.160411972122208
R_3KBeiVl5xirHLQM,Training,Cir,0,3,0,5,686,231,10,Cir_0_330.3_110.7,330.3,110.7,688.125,230.625,0,BC,3,1,2.1578345627040085
R_3KBeiVl5xirHLQM,Training,Cir,0,4,0,5,46,230,10,Cir_0_19.7_110.7,19.7,110.7,41.041666666666664,230.625,6,BC,2,0.4,4.997568853397066
R_8d1VqNkok6YG0zD,Exp,Ctrl,1,1,3,9,379,372,69.71428571428572,Ctrl_1_184.1_176.3,184.1,176.3,383.5416666666667,367.2916666666667,69.71428571428572,BC,1,0,6.541799361711492
R_8d1VqNkok6YG0zD,Exp,Ctrl,1,2,3,9,361,419,69.71428571428572,Ctrl_1_173.2_202.2,173.2,202.2,360.8333333333333,421.25,12,BC,2,0.8278688524590164,2.256164395113482
R_8d1VqNkok6YG0zD,Exp,Ctrl,1,3,3,9,320,434,69.71428571428572,Ctrl_1_152.9_210,152.9,210,318.5416666666667,437.5,2.7142857142857135,BC,3,0.9610655737704918,3.7916666666666594
R_8d1VqNkok6YG0zD,Exp,Ctrl,1,4,3,9,309,494,69.71428571428572,Ctrl_1_148.3_237.5,148.3,237.5,308.9583333333333,494.7916666666667,0,BC,4,1,0.7927623996017052
R_8d1VqNkok6YG0zD,Exp,Ctrl,1,5,3,9,295,538,69.71428571428572,Ctrl_1_141.5_259.8,141.5,259.8,294.7916666666667,541.25,2.7142857142857135,BC,3,0.9610655737704918,3.256670504944854
R_8d1VqNkok6YG0zD,Exp,Ctrl,7,1,2,3,434,179,20081.76153013656,Ctrl_7_208.9_87.3,208.9,87.3,435.2083333333333,181.875,0,BC,33,1,3.1186045668606974
R_8d1VqNkok6YG0zD,Exp,Ctrl,7,2,2,3,423,361,20081.76153013656,Ctrl_7_204.9_172,204.9,172,426.875,358.3333333333333,5071.086796536789,BC,7,0.7474779894718576,4.703906473465561
R_8d1VqNkok6YG0zD,Exp,Ctrl,7,3,2,3,596,341,20081.76153013656,Ctrl_7_286.5_163.9,286.5,163.9,596.875,341.4583333333333,1462.3944250194247,BC,11,0.9271779807351651,0.987772465927466
R_8d1VqNkok6YG0zD,Exp,Ctrl,9,1,1,7,465,290,28300.56447421692,Ctrl_9_223.1_141.1,223.1,141.1,464.7916666666667,293.9583333333333,17858.00251281227,BC,6,0.3689877624496957,3.963811998008407
R_8d1VqNkok6YG0zD,Exp,Ctrl,9,2,1,7,533,361,28300.56447421692,Ctrl_9_257.3_173.8,257.3,173.8,536.0416666666666,362.0833333333333,10575.90610396655,BC,13,0.6263005243728734,3.22883062767652
R_8d1VqNkok6YG0zD,Exp,Ctrl,9,3,1,7,491,370,28300.56447421692,Ctrl_9_233.6_178,233.6,178,486.6666666666667,370.8333333333333,16506.03627736213,BC,7,0.4167594680876465,4.41273409829122
R_8d1VqNkok6YG0zD,Exp,Ctrl,9,4,1,7,531,439,28300.56447421692,Ctrl_9_254.1_211,254.1,211,529.375,439.5833333333333,28300.56447421692,BC,1,0,1.7265291129250486
R_8d1VqNkok6YG0zD,Exp,Ctrl,9,5,1,7,439,400,28300.56447421692,Ctrl_9_212.1_192.2,212.1,192.2,441.875,400.4166666666667,2858.424883123415,BC,31,0.898997601771245,2.905036335592229
R_8d1VqNkok6YG0zD,Training,Ctrl,0,1,0,5,482,362,10,Ctrl_0_230.5_172.2,230.5,172.2,480.2083333333333,358.75,10,BC,1,0,3.711141259025923
R_8d1VqNkok6YG0zD,Training,Ctrl,0,2,0,5,282,432,10,Ctrl_0_133.4_210,133.4,210,277.9166666666667,437.5,6,BC,2,0.4,6.850081102520682
R_p3LNUe2FUoWSbUB,Exp,Cir,1,1,2,6,527,78,69.71428571428571,Cir_1_252.9_40.1,252.9,40.1,526.875,83.54166666666667,0,BC,4,1,5.5430762618283085
R_p3LNUe2FUoWSbUB,Exp,Cir,7,1,3,1,697,284,20081.761530136537,Cir_7_331.6_137.9,331.6,137.9,690.8333333333334,287.2916666666667,0,BC,33,1,6.990196508126354
R_p3LNUe2FUoWSbUB,Exp,Cir,7,2,3,1,291,41,20081.761530136537,Cir_7_139.7_18,139.7,18,291.0416666666667,37.5,0,BC,33,1,3.500248007086228
R_p3LNUe2FUoWSbUB,Exp,Cir,7,3,3,1,626,568,20081.761530136537,Cir_7_303_272.6,303,272.6,631.25,567.9166666666666,0,BC,33,1,5.250661334007789
R_p3LNUe2FUoWSbUB,Exp,Cir,9,1,1,4,611,587,28300.564474216924,Cir_9_293.998165511_284.0530573,293.998165511,284.0530573,612.4961781479167,591.7772027083333,3249.6061039665547,BC,24,0.8851752194933394,5.006017855222924
R_p3LNUe2FUoWSbUB,Exp,Cir,9,2,1,4,563,622,28300.564474216924,Cir_9_274.37612417_302.193500548,274.37612417,302.193500548,571.6169253541667,629.5697928083332,0,BC,107,1,11.469662842489058
R_p3LNUe2FUoWSbUB,Exp,Cir,9,3,1,4,694,445,28300.564474216924,Cir_9_331.60135419_214.07293864,331.60135419,214.07293864,690.8361545624999,445.9852888333333,0,BC,107,1,3.3137157448220145
R_p3LNUe2FUoWSbUB,Exp,Cir,9,4,1,4,455,39,28300.564474216924,Cir_9_218.638079689_19.59539668,218.638079689,19.59539668,455.49599935208335,40.82374308333333,0,BC,107,1,1.8899878812503725
R_p3LNUe2FUoWSbUB,Training,Cir,0,1,0,5,234,43,10,Cir_0_110.7_19.7,110.7,19.7,230.625,41.041666666666664,10,BC,1,0,3.902011589481053
R_p3LNUe2FUoWSbUB,Training,Cir,0,2,0,5,688,235,10,Cir_0_330.3_110.7,330.3,110.7,688.125,230.625,0,BC,3,1,4.3767853500028995
R_PI3RV5qKmZ8pJkJ,Exp,Phr,9,1,1,1,531,438,28300.56447421692,Ctrl_9_254.1_211,254.1,211,529.375,439.5833333333333,28300.56447421692,BC,1,0,2.268825565010317
R_PI3RV5qKmZ8pJkJ,Exp,Phr,9,2,1,1,482,371,28300.56447421692,Ctrl_9_233.6_178,233.6,178,486.6666666666667,370.8333333333333,16506.03627736213,BC,7,0.4167594680876465,4.6696419087073195
R_PI3RV5qKmZ8pJkJ,Exp,Phr,9,3,1,1,442,405,28300.56447421692,Ctrl_9_212.9_193.4,212.9,193.4,443.5416666666667,402.9166666666667,2858.424883123415,BC,31,0.898997601771245,2.5917202566806603
R_PI3RV5qKmZ8pJkJ,Exp,Phr,9,4,1,1,379,367,28300.56447421692,Ctrl_9_181.1_174.6,181.1,174.6,377.2916666666667,363.75,0,BC,107,1,3.6716348916766917
R_PI3RV5qKmZ8pJkJ,Exp,Phr,9,5,1,1,416,315,28300.56447421692,Ctrl_9_198_150.6,198,150.6,412.5,313.75,12460.579249671891,BC,9,0.5597056284504842,3.7165171868296265
R_PI3RV5qKmZ8pJkJ,Training,Phr,0,1,0,5,480,359,10,Ctrl_0_230.5_172.2,230.5,172.2,480.2083333333333,358.75,10,BC,1,0,0.3254270698294318
R_PI3RV5qKmZ8pJkJ,Training,Phr,0,2,0,5,272,441,10,Ctrl_0_133.4_210,133.4,210,277.9166666666667,437.5,6,BC,2,0.4,6.87436865788013
R_PI3RV5qKmZ8pJkJ,Training,Phr,0,3,0,5,395,474,10,Ctrl_0_188.9_226.1,188.9,226.1,393.5416666666667,471.0416666666667,0,BC,3,1,3.2982529045271916
R_PI3RV5qKmZ8pJkJ,Training,Phr,0,4,0,5,496,535,10,Ctrl_0_237.2_255.5,237.2,255.5,494.1666666666667,532.2916666666666,0,BC,3,1,3.270501575531755
R_PI3RV5qKmZ8pJkJ,Training,Phr,0,5,0,5,373,583,10,Ctrl_0_180.6_279.3,180.6,279.3,376.25,581.875,0,BC,3,1,3.439204123049401
R_r3Cjj7orUCVKs49,Exp,Cir,1,1,2,3,459,52,69.71428571428571,Cir_1_223.1_26.9,223.1,26.9,464.7916666666667,56.041666666666664,0,BC,4,1,7.062469272302884
R_r3Cjj7orUCVKs49,Exp,Cir,7,1,3,9,683,277,20081.761530136537,Cir_7_329.7_130.6,329.7,130.6,686.875,272.0833333333333,0,BC,33,1,6.260130678437256
R_r3Cjj7orUCVKs49,Exp,Cir,7,2,3,9,53,474,20081.761530136537,Cir_7_23.8_230,23.8,230,49.583333333333336,479.1666666666667,0,BC,33,1,6.1941953113827255
R_r3Cjj7orUCVKs49,Exp,Cir,7,3,3,9,617,571,20081.761530136537,Cir_7_300.7_275.6,300.7,275.6,626.4583333333334,574.1666666666666,0.5,BC,31,0.9999751017858045,9.974359489321744
R_r3Cjj7orUCVKs49,Exp,Cir,9,1,1,5,618,157,28300.564474216924,Cir_9_300.120307285_73.025104192,300.120307285,73.025104192,625.2506401770834,152.13563373333332,0,BC,107,1,8.731199353686769
R_r3Cjj7orUCVKs49,Exp,Cir,9,2,1,5,172,103,28300.564474216924,Cir_9_78.916301752_45.36975004,78.916301752,45.36975004,164.40896198333334,94.52031258333334,1496,BC,43,0.9471388635600211,11.381078896785377
R_r3Cjj7orUCVKs49,Training,Cir,0,1,0,5,231,42,10,Cir_0_110.7_19.7,110.7,19.7,230.625,41.041666666666664,10,BC,1,0,1.029090752935708
R_r3Cjj7orUCVKs49,Training,Cir,0,2,0,5,686,231,10,Cir_0_330.3_110.7,330.3,110.7,688.125,230.625,0,BC,3,1,2.1578345627040085
R_x8YEnmKnNoodq4p,Exp,Ctrl,1,1,1,1,385,366,69.71428571428572,Ctrl_1_184.1_176.3,184.1,176.3,383.5416666666667,367.2916666666667,69.71428571428572,BC,1,0,1.9481116212601581
R_x8YEnmKnNoodq4p,Exp,Ctrl,7,1,3,4,315,204,20081.76153013656,Ctrl_7_150.5_96.3,150.5,96.3,313.5416666666667,200.625,5655.146642246639,BC,5,0.7183938951889255,3.6765964030759557
R_x8YEnmKnNoodq4p,Exp,Ctrl,7,2,3,4,429,358,20081.76153013656,Ctrl_7_204.9_172,204.9,172,426.875,358.3333333333333,5071.086796536789,BC,7,0.7474779894718576,2.1509849165233814
R_x8YEnmKnNoodq4p,Exp,Ctrl,7,3,3,4,583,336,20081.76153013656,Ctrl_7_278.5_163,278.5,163,580.2083333333334,339.5833333333333,1090.3701825951816,BC,13,0.945703459282749,4.542431128322719
R_x8YEnmKnNoodq4p,Exp,Ctrl,9,1,2,7,492,335,28300.56447421692,Ctrl_9_236_160.6,236,160.6,491.6666666666667,334.5833333333333,901.9696968236453,BC,53,0.968128914967566,0.5335936864527403
R_x8YEnmKnNoodq4p,Exp,Ctrl,9,2,2,7,413,313,28300.56447421692,Ctrl_9_198_150.6,198,150.6,412.5,313.75,12460.579249671891,BC,9,0.5597056284504842,0.9013878188659973
R_x8YEnmKnNoodq4p,Exp,Ctrl,9,3,2,7,468,496,28300.56447421692,Ctrl_9_223.8_237.3,223.8,237.3,466.25,494.375,19249.904317414654,BC,4,0.3198049341046827,2.38812164681785
R_x8YEnmKnNoodq4p,Exp,Ctrl,9,4,2,7,281,537,28300.56447421692,Ctrl_9_134_256.9,134,256.9,279.1666666666667,535.2083333333334,0,BC,107,1,2.563431402545297
R_x8YEnmKnNoodq4p,Exp,Ctrl,9,5,2,7,445,401,28300.56447421692,Ctrl_9_212.9_193.4,212.9,193.4,443.5416666666667,402.9166666666667,2858.424883123415,BC,31,0.898997601771245,2.4083910027697413
R_x8YEnmKnNoodq4p,Training,Ctrl,0,1,0,5,475,365,10,Ctrl_0_230.5_172.2,230.5,172.2,480.2083333333333,358.75,10,BC,1,0,8.135676745736086
R_xx8wP4F9CxVHQ5P,Exp,Ord,1,1,3,4,414,367,69.71428571428571,Ord_1_199.3_176.2,199.3,176.2,415.2083333333333,367.0833333333333,69.71428571428571,BC,1,0,1.2112034878123659
R_xx8wP4F9CxVHQ5P,Exp,Ord,7,1,2,5,323,649,20081.761530136537,Ord_7_155_311,155,311,322.9166666666667,647.9166666666666,13903.198590298574,BC,2,0.3076703669927483,1.086533734200478
R_xx8wP4F9CxVHQ5P,Exp,Ord,7,2,2,5,189,65,20081.761530136537,Ord_7_90.2_30.8,90.2,30.8,187.91666666666666,64.16666666666667,20081.761530136537,BC,1,0,1.3667682889047317
R_xx8wP4F9CxVHQ5P,Exp,Ord,7,3,2,5,473,366,20081.761530136537,Ord_7_226.2_174.7,226.2,174.7,471.25,363.9583333333333,6242.680236430233,BC,4,0.689136820638872,2.6890338000437732
R_xx8wP4F9CxVHQ5P,Exp,Ord,7,4,2,5,295,203,20081.761530136537,Ord_7_142.3_97.8,142.3,97.8,296.4583333333333,203.75,0,BC,33,1,1.639889054512852
R_xx8wP4F9CxVHQ5P,Exp,Ord,9,1,1,1,261,369,28300.564474216924,Ord_9_132.570446497056_176.767095081759,132.570446497056,176.767095081759,276.1884302022,368.26478142033125,0,BC,107,1,15.206214465375355
R_xx8wP4F9CxVHQ5P,Exp,Ord,9,2,1,1,549,410,28300.564474216924,Ord_9_262.970185853951_193.153212929678,262.970185853951,193.153212929678,547.854553862398,402.4025269368292,0,BC,107,1,7.68333546057657
R_xx8wP4F9CxVHQ5P,Exp,Ord,9,3,1,1,198,394,28300.564474216924,Ord_9_90.9288412293574_187.261361896204,90.9288412293574,187.261361896204,189.4350858944946,390.1278372837583,0,BC,107,1,9.399542421614882
R_xx8wP4F9CxVHQ5P,Exp,Ord,9,4,1,1,301,561,28300.564474216924,Ord_9_147.600248962638_268.178185425086,147.600248962638,268.178185425086,307.5005186721625,558.7045529689291,300.66666666666663,BC,72,0.9893759480684355,6.893897307008989
R_xx8wP4F9CxVHQ5P,Exp,Ord,9,5,1,1,352,472,28300.564474216924,Ord_9_164.407071106924_222.766157790504,164.407071106924,222.766157790504,342.51473147275834,464.09616206354997,0,BC,107,1,12.346698877009507
R_xx8wP4F9CxVHQ5P,Training,Ord,0,1,0,5,426,259,10,Ord_0_202.8_123.3,202.8,123.3,422.5,256.875,10,BC,1,0,4.0945848385398
R_ZvPZVGIFe2bN7SV,Exp,Fru,1,1,1,5,456,331,69.71428571428571,Fru_1_219.3_158.4,219.3,158.4,456.875,330,69.71428571428571,BC,1,0,1.3287682265918312
R_ZvPZVGIFe2bN7SV,Exp,Fru,1,2,1,5,447,172,69.71428571428571,Fru_1_212.7_81.1,212.7,81.1,443.125,168.95833333333334,2.7142857142857135,BC,3,0.9610655737704918,4.926191339271248
R_ZvPZVGIFe2bN7SV,Exp,Fru,7,1,2,9,431,323,20081.761530136537,Fru_7_206.7_154.4,206.7,154.4,430.625,321.6666666666667,5655.1466422466465,BC,5,0.7183938951889248,1.3850641782162036
R_ZvPZVGIFe2bN7SV,Exp,Fru,7,2,2,9,384,373,20081.761530136537,Fru_7_183.5_178.9,183.5,178.9,382.2916666666667,372.7083333333333,4722.876923076922,BC,9,0.7648175975006307,1.7330528619237695
R_ZvPZVGIFe2bN7SV,Exp,Fru,7,3,2,9,308,326,20081.761530136537,Fru_7_148.9_156.8,148.9,156.8,310.2083333333333,326.6666666666667,5071.086796536786,BC,7,0.7474779894718574,2.3067684226110554
R_ZvPZVGIFe2bN7SV,Exp,Fru,7,4,2,9,367,320,20081.761530136537,Fru_7_176.5_152.4,176.5,152.4,367.7083333333333,317.5,1090.3701825951812,BC,13,0.9457034592827492,2.5984103046114724
R_ZvPZVGIFe2bN7SV,Exp,Fru,9,1,3,8,402,463,28300.564474216924,Fru_9_194.8_221.6,194.8,221.6,405.8333333333333,461.6666666666667,19249.904317414657,BC,4,0.3198049341046827,4.058598553961949
R_ZvPZVGIFe2bN7SV,Exp,Fru,9,2,3,8,272,337,28300.564474216924,Fru_9_132.5_160.5,132.5,160.5,276.0416666666667,334.375,6516.850268848803,BC,15,0.7697271983819989,4.819304352750986
R_ZvPZVGIFe2bN7SV,Exp,Fru,9,3,3,8,349,160,28300.564474216924,Fru_9_168_77.4,168,77.4,350,161.25,10575.906103966547,BC,13,0.6263005243728736,1.6007810593582121
R_ZvPZVGIFe2bN7SV,Training,Fru,0,1,0,5,363,382,10,Fru_0_174.9_183,174.9,183,364.375,381.25,10,BC,1,0,1.5662455107677085
R_ZvPZVGIFe2bN7SV,Training,Fru,0,2,0,5,631,179,10,Fru_0_300_84.2,300,84.2,625,175.41666666666666,6,BC,2,0.4,6.988581957577506
R_ZvPZVGIFe2bN7SV,Training,Fru,0,3,0,5,686,456,10,Fru_0_330.3_218.8,330.3,218.8,688.125,455.8333333333333,0,BC,3,1,2.1315259270714453
